-- phpMyAdmin SQL Dump
-- version 5.2.1
-- https://www.phpmyadmin.net/
--
-- Host: 127.0.0.1
-- Generation Time: Jun 06, 2024 at 11:04 AM
-- Server version: 10.4.32-MariaDB
-- PHP Version: 8.2.12

SET SQL_MODE = "NO_AUTO_VALUE_ON_ZERO";
START TRANSACTION;
SET time_zone = "+00:00";


/*!40101 SET @OLD_CHARACTER_SET_CLIENT=@@CHARACTER_SET_CLIENT */;
/*!40101 SET @OLD_CHARACTER_SET_RESULTS=@@CHARACTER_SET_RESULTS */;
/*!40101 SET @OLD_COLLATION_CONNECTION=@@COLLATION_CONNECTION */;
/*!40101 SET NAMES utf8mb4 */;

--
-- Database: `omr`
--

-- --------------------------------------------------------

--
-- Table structure for table `admin`
--

CREATE TABLE `admin` (
  `username_ad` varchar(30) NOT NULL,
  `password_ad` varchar(30) NOT NULL,
  `name_ad` varchar(30) NOT NULL,
  `surname_ad` varchar(30) NOT NULL,
  `role` varchar(30) NOT NULL
) ENGINE=InnoDB DEFAULT CHARSET=utf8mb4 COLLATE=utf8mb4_general_ci;

--
-- Dumping data for table `admin`
--

INSERT INTO `admin` (`username_ad`, `password_ad`, `name_ad`, `surname_ad`, `role`) VALUES
('admin', 'admin', 'admin', 'admin', 'admin'),
('h', 'h', 'h', 'h', 'admin'),
('super', 'super', 'super', 'super', 'admin'),
('superadmin', 'superadmin', 'super', 'super', 'admin');

-- --------------------------------------------------------

--
-- Table structure for table `exam`
--

CREATE TABLE `exam` (
  `id_exam` varchar(30) NOT NULL,
  `code_subject` varchar(30) NOT NULL,
  `name_exam` varchar(30) NOT NULL,
  `qty_exam` int(4) DEFAULT NULL,
  `points` int(3) DEFAULT NULL
) ENGINE=InnoDB DEFAULT CHARSET=utf8mb4 COLLATE=utf8mb4_general_ci;

--
-- Dumping data for table `exam`
--

INSERT INTO `exam` (`id_exam`, `code_subject`, `name_exam`, `qty_exam`, `points`) VALUES
('027977', 'a15f03', 'Test100', 100, NULL),
('083a13', '50a27e', '80 ข้อ', 80, NULL),
('0e6d9a', '97beb9', 'Midterm', 100, NULL),
('47fd84', '50a27e', 'Final', 50, NULL),
('7228f2', 'c7ad43', '100 ข้อ', 100, NULL),
('761249', '50a27e', '๊100 ข้อ', 100, NULL),
('7a11c4', 'a15f03', 'final', 50, NULL),
('85e22e', '97beb9', 'Final', 50, NULL),
('c98703', 'c7ad43', 'final 50 ข้อ', 50, NULL),
('f5fab0', 'c7ad43', '45 ข้อ', 45, NULL);

-- --------------------------------------------------------

--
-- Table structure for table `exam_answer_key`
--

CREATE TABLE `exam_answer_key` (
  `id_exam` varchar(20) NOT NULL,
  `no_answer_key` int(3) NOT NULL,
  `answer_key` varchar(1) DEFAULT NULL
) ENGINE=InnoDB DEFAULT CHARSET=utf8mb4 COLLATE=utf8mb4_general_ci;

--
-- Dumping data for table `exam_answer_key`
--

INSERT INTO `exam_answer_key` (`id_exam`, `no_answer_key`, `answer_key`) VALUES
('027977', 1, 'a'),
('027977', 2, 'b'),
('027977', 3, 'c'),
('027977', 4, 'd'),
('027977', 5, 'e'),
('027977', 6, 'a'),
('027977', 7, 'b'),
('027977', 8, 'c'),
('027977', 9, 'd'),
('027977', 10, 'e'),
('027977', 11, 'a'),
('027977', 12, 'b'),
('027977', 13, 'c'),
('027977', 14, 'd'),
('027977', 15, 'e'),
('027977', 16, 'a'),
('027977', 17, 'b'),
('027977', 18, 'c'),
('027977', 19, 'd'),
('027977', 20, 'e'),
('027977', 21, 'a'),
('027977', 22, 'b'),
('027977', 23, 'c'),
('027977', 24, 'd'),
('027977', 25, 'e'),
('027977', 26, 'a'),
('027977', 27, 'b'),
('027977', 28, 'c'),
('027977', 29, 'd'),
('027977', 30, 'e'),
('027977', 31, 'a'),
('027977', 32, 'b'),
('027977', 33, 'c'),
('027977', 34, 'd'),
('027977', 35, 'e'),
('027977', 36, 'a'),
('027977', 37, 'b'),
('027977', 38, 'c'),
('027977', 39, 'd'),
('027977', 40, 'e'),
('027977', 41, 'a'),
('027977', 42, 'b'),
('027977', 43, 'c'),
('027977', 44, 'd'),
('027977', 45, 'e'),
('027977', 46, 'a'),
('027977', 47, 'b'),
('027977', 48, 'c'),
('027977', 49, 'd'),
('027977', 50, 'e'),
('027977', 51, 'a'),
('027977', 52, 'b'),
('027977', 53, 'c'),
('027977', 54, 'd'),
('027977', 55, 'e'),
('027977', 56, 'a'),
('027977', 57, 'b'),
('027977', 58, 'c'),
('027977', 59, 'd'),
('027977', 60, 'e'),
('027977', 61, 'a'),
('027977', 62, 'b'),
('027977', 63, 'c'),
('027977', 64, 'd'),
('027977', 65, 'e'),
('027977', 66, 'a'),
('027977', 67, 'b'),
('027977', 68, 'c'),
('027977', 69, 'd'),
('027977', 70, 'e'),
('027977', 71, 'a'),
('027977', 72, 'b'),
('027977', 73, 'c'),
('027977', 74, 'd'),
('027977', 75, 'e'),
('027977', 76, 'a'),
('027977', 77, 'b'),
('027977', 78, 'c'),
('027977', 79, 'd'),
('027977', 80, 'e'),
('027977', 81, 'c'),
('027977', 82, 'd'),
('027977', 83, 'e'),
('027977', 84, 'a'),
('027977', 85, 'b'),
('027977', 86, 'e'),
('027977', 87, 'a'),
('027977', 88, 'b'),
('027977', 89, 'e'),
('027977', 90, 'a'),
('027977', 91, 'b'),
('027977', 92, 'e'),
('027977', 93, 'a'),
('027977', 94, 'b'),
('027977', 95, 'e'),
('027977', 96, 'a'),
('027977', 97, 'b'),
('027977', 98, 'e'),
('027977', 99, 'a'),
('027977', 100, 'b'),
('083a13', 1, 'a'),
('083a13', 2, 'b'),
('083a13', 3, 'c'),
('083a13', 4, 'd'),
('083a13', 5, 'e'),
('083a13', 6, 'a'),
('083a13', 7, 'b'),
('083a13', 8, 'c'),
('083a13', 9, 'd'),
('083a13', 10, 'e'),
('083a13', 11, 'a'),
('083a13', 12, 'b'),
('083a13', 13, 'c'),
('083a13', 14, 'd'),
('083a13', 15, 'e'),
('083a13', 16, 'a'),
('083a13', 17, 'b'),
('083a13', 18, 'c'),
('083a13', 19, 'd'),
('083a13', 20, 'e'),
('083a13', 21, 'a'),
('083a13', 22, 'b'),
('083a13', 23, 'c'),
('083a13', 24, 'd'),
('083a13', 25, 'e'),
('083a13', 26, 'a'),
('083a13', 27, 'b'),
('083a13', 28, 'c'),
('083a13', 29, 'd'),
('083a13', 30, 'e'),
('083a13', 31, 'a'),
('083a13', 32, 'b'),
('083a13', 33, 'c'),
('083a13', 34, 'd'),
('083a13', 35, 'e'),
('083a13', 36, 'a'),
('083a13', 37, 'b'),
('083a13', 38, 'c'),
('083a13', 39, 'd'),
('083a13', 40, 'e'),
('083a13', 41, 'a'),
('083a13', 42, 'b'),
('083a13', 43, 'c'),
('083a13', 44, 'd'),
('083a13', 45, 'e'),
('083a13', 46, 'a'),
('083a13', 47, 'b'),
('083a13', 48, 'c'),
('083a13', 49, 'd'),
('083a13', 50, 'e'),
('083a13', 51, 'a'),
('083a13', 52, 'b'),
('083a13', 53, 'c'),
('083a13', 54, 'd'),
('083a13', 55, 'e'),
('083a13', 56, 'a'),
('083a13', 57, 'b'),
('083a13', 58, 'c'),
('083a13', 59, 'd'),
('083a13', 60, 'e'),
('083a13', 61, 'a'),
('083a13', 62, 'b'),
('083a13', 63, 'c'),
('083a13', 64, 'd'),
('083a13', 65, 'e'),
('083a13', 66, 'a'),
('083a13', 67, 'b'),
('083a13', 68, 'c'),
('083a13', 69, 'd'),
('083a13', 70, 'e'),
('083a13', 71, 'a'),
('083a13', 72, 'b'),
('083a13', 73, 'c'),
('083a13', 74, 'd'),
('083a13', 75, 'e'),
('083a13', 76, 'a'),
('083a13', 77, 'b'),
('083a13', 78, 'c'),
('083a13', 79, 'd'),
('083a13', 80, 'e'),
('47fd84', 1, 'a'),
('47fd84', 2, 'b'),
('47fd84', 3, 'b'),
('47fd84', 4, 'b'),
('47fd84', 5, 'c'),
('47fd84', 6, 'd'),
('47fd84', 7, 'b'),
('47fd84', 8, 'd'),
('47fd84', 9, 'a'),
('47fd84', 10, 'b'),
('47fd84', 11, 'a'),
('47fd84', 12, 'c'),
('47fd84', 13, 'a'),
('47fd84', 14, 'c'),
('47fd84', 15, 'a'),
('47fd84', 16, 'a'),
('47fd84', 17, 'd'),
('47fd84', 18, 'c'),
('47fd84', 19, 'd'),
('47fd84', 20, 'b'),
('47fd84', 21, 'b'),
('47fd84', 22, 'b'),
('47fd84', 23, 'c'),
('47fd84', 24, 'c'),
('47fd84', 25, 'a'),
('47fd84', 26, 'a'),
('47fd84', 27, 'a'),
('47fd84', 28, 'a'),
('47fd84', 29, 'c'),
('47fd84', 30, 'c'),
('47fd84', 31, 'a'),
('47fd84', 32, 'b'),
('47fd84', 33, 'b'),
('47fd84', 34, 'b'),
('47fd84', 35, 'b'),
('47fd84', 36, 'a'),
('47fd84', 37, 'c'),
('47fd84', 38, 'd'),
('47fd84', 39, 'b'),
('47fd84', 40, 'b'),
('47fd84', 41, 'd'),
('47fd84', 42, 'a'),
('47fd84', 43, 'b'),
('47fd84', 44, 'b'),
('47fd84', 45, 'b'),
('47fd84', 46, 'a'),
('47fd84', 47, 'a'),
('47fd84', 48, 'b'),
('47fd84', 49, 'c'),
('47fd84', 50, 'a'),
('7228f2', 1, 'a'),
('7228f2', 2, 'b'),
('7228f2', 3, 'b'),
('7228f2', 4, 'b'),
('7228f2', 5, 'c'),
('7228f2', 6, 'd'),
('7228f2', 7, 'b'),
('7228f2', 8, 'd'),
('7228f2', 9, 'a'),
('7228f2', 10, 'b'),
('7228f2', 11, 'a'),
('7228f2', 12, 'c'),
('7228f2', 13, 'a'),
('7228f2', 14, 'c'),
('7228f2', 15, 'a'),
('7228f2', 16, 'a'),
('7228f2', 17, 'd'),
('7228f2', 18, 'c'),
('7228f2', 19, 'd'),
('7228f2', 20, 'b'),
('7228f2', 21, 'b'),
('7228f2', 22, 'b'),
('7228f2', 23, 'c'),
('7228f2', 24, 'c'),
('7228f2', 25, 'a'),
('7228f2', 26, 'a'),
('7228f2', 27, 'a'),
('7228f2', 28, 'a'),
('7228f2', 29, 'c'),
('7228f2', 30, 'c'),
('7228f2', 31, 'a'),
('7228f2', 32, 'b'),
('7228f2', 33, 'b'),
('7228f2', 34, 'b'),
('7228f2', 35, 'b'),
('7228f2', 36, 'a'),
('7228f2', 37, 'c'),
('7228f2', 38, 'd'),
('7228f2', 39, 'b'),
('7228f2', 40, 'b'),
('7228f2', 41, 'd'),
('7228f2', 42, 'a'),
('7228f2', 43, 'b'),
('7228f2', 44, 'b'),
('7228f2', 45, 'b'),
('7228f2', 46, 'a'),
('7228f2', 47, 'a'),
('7228f2', 48, 'b'),
('7228f2', 49, 'c'),
('7228f2', 50, 'a'),
('7228f2', 51, 'a'),
('7228f2', 52, 'b'),
('7228f2', 53, 'b'),
('7228f2', 54, 'b'),
('7228f2', 55, 'c'),
('7228f2', 56, 'd'),
('7228f2', 57, 'b'),
('7228f2', 58, 'd'),
('7228f2', 59, 'a'),
('7228f2', 60, 'b'),
('7228f2', 61, 'a'),
('7228f2', 62, 'c'),
('7228f2', 63, 'a'),
('7228f2', 64, 'c'),
('7228f2', 65, 'a'),
('7228f2', 66, 'a'),
('7228f2', 67, 'd'),
('7228f2', 68, 'c'),
('7228f2', 69, 'd'),
('7228f2', 70, 'b'),
('7228f2', 71, 'b'),
('7228f2', 72, 'b'),
('7228f2', 73, 'c'),
('7228f2', 74, 'c'),
('7228f2', 75, 'a'),
('7228f2', 76, 'a'),
('7228f2', 77, 'a'),
('7228f2', 78, 'a'),
('7228f2', 79, 'c'),
('7228f2', 80, 'c'),
('7228f2', 81, 'a'),
('7228f2', 82, 'b'),
('7228f2', 83, 'b'),
('7228f2', 84, 'b'),
('7228f2', 85, 'b'),
('7228f2', 86, 'a'),
('7228f2', 87, 'c'),
('7228f2', 88, 'd'),
('7228f2', 89, 'b'),
('7228f2', 90, 'b'),
('7228f2', 91, 'd'),
('7228f2', 92, 'a'),
('7228f2', 93, 'b'),
('7228f2', 94, 'b'),
('7228f2', 95, 'b'),
('7228f2', 96, 'a'),
('7228f2', 97, 'a'),
('7228f2', 98, 'b'),
('7228f2', 99, 'c'),
('7228f2', 100, 'a'),
('761249', 1, 'a'),
('761249', 2, 'b'),
('761249', 3, 'c'),
('761249', 4, 'd'),
('761249', 5, 'e'),
('761249', 6, 'a'),
('761249', 7, 'b'),
('761249', 8, 'c'),
('761249', 9, 'd'),
('761249', 10, 'e'),
('761249', 11, 'a'),
('761249', 12, 'b'),
('761249', 13, 'c'),
('761249', 14, 'd'),
('761249', 15, 'e'),
('761249', 16, 'a'),
('761249', 17, 'b'),
('761249', 18, 'c'),
('761249', 19, 'd'),
('761249', 20, 'e'),
('761249', 21, 'a'),
('761249', 22, 'b'),
('761249', 23, 'c'),
('761249', 24, 'd'),
('761249', 25, 'e'),
('761249', 26, 'a'),
('761249', 27, 'b'),
('761249', 28, 'c'),
('761249', 29, 'd'),
('761249', 30, 'e'),
('761249', 31, 'a'),
('761249', 32, 'b'),
('761249', 33, 'c'),
('761249', 34, 'd'),
('761249', 35, 'e'),
('761249', 36, 'a'),
('761249', 37, 'b'),
('761249', 38, 'c'),
('761249', 39, 'd'),
('761249', 40, 'e'),
('761249', 41, 'a'),
('761249', 42, 'b'),
('761249', 43, 'c'),
('761249', 44, 'd'),
('761249', 45, 'e'),
('761249', 46, 'a'),
('761249', 47, 'b'),
('761249', 48, 'c'),
('761249', 49, 'd'),
('761249', 50, 'e'),
('761249', 51, 'a'),
('761249', 52, 'b'),
('761249', 53, 'c'),
('761249', 54, 'd'),
('761249', 55, 'e'),
('761249', 56, 'a'),
('761249', 57, 'b'),
('761249', 58, 'c'),
('761249', 59, 'd'),
('761249', 60, 'e'),
('761249', 61, 'a'),
('761249', 62, 'b'),
('761249', 63, 'c'),
('761249', 64, 'd'),
('761249', 65, 'e'),
('761249', 66, 'a'),
('761249', 67, 'b'),
('761249', 68, 'c'),
('761249', 69, 'd'),
('761249', 70, 'e'),
('761249', 71, 'a'),
('761249', 72, 'b'),
('761249', 73, 'c'),
('761249', 74, 'd'),
('761249', 75, 'e'),
('761249', 76, 'a'),
('761249', 77, 'b'),
('761249', 78, 'c'),
('761249', 79, 'd'),
('761249', 80, 'e'),
('761249', 81, 'c'),
('761249', 82, 'd'),
('761249', 83, 'e'),
('761249', 84, 'a'),
('761249', 85, 'b'),
('761249', 86, 'e'),
('761249', 87, 'a'),
('761249', 88, 'b'),
('761249', 89, 'e'),
('761249', 90, 'a'),
('761249', 91, 'b'),
('761249', 92, 'e'),
('761249', 93, 'a'),
('761249', 94, 'b'),
('761249', 95, 'e'),
('761249', 96, 'a'),
('761249', 97, 'b'),
('761249', 98, 'e'),
('761249', 99, 'a'),
('761249', 100, 'b'),
('7a11c4', 1, 'a'),
('7a11c4', 2, 'b'),
('7a11c4', 3, 'b'),
('7a11c4', 4, 'b'),
('7a11c4', 5, 'c'),
('7a11c4', 6, 'd'),
('7a11c4', 7, 'b'),
('7a11c4', 8, 'd'),
('7a11c4', 9, 'a'),
('7a11c4', 10, 'b'),
('7a11c4', 11, 'a'),
('7a11c4', 12, 'c'),
('7a11c4', 13, 'a'),
('7a11c4', 14, 'c'),
('7a11c4', 15, 'a'),
('7a11c4', 16, 'a'),
('7a11c4', 17, 'd'),
('7a11c4', 18, 'c'),
('7a11c4', 19, 'd'),
('7a11c4', 20, 'b'),
('7a11c4', 21, 'b'),
('7a11c4', 22, 'b'),
('7a11c4', 23, 'c'),
('7a11c4', 24, 'c'),
('7a11c4', 25, 'a'),
('7a11c4', 26, 'a'),
('7a11c4', 27, 'a'),
('7a11c4', 28, 'a'),
('7a11c4', 29, 'c'),
('7a11c4', 30, 'c'),
('7a11c4', 31, 'a'),
('7a11c4', 32, 'b'),
('7a11c4', 33, 'b'),
('7a11c4', 34, 'b'),
('7a11c4', 35, 'b'),
('7a11c4', 36, 'a'),
('7a11c4', 37, 'c'),
('7a11c4', 38, 'd'),
('7a11c4', 39, 'b'),
('7a11c4', 40, 'b'),
('7a11c4', 41, 'd'),
('7a11c4', 42, 'a'),
('7a11c4', 43, 'b'),
('7a11c4', 44, 'b'),
('7a11c4', 45, 'b'),
('7a11c4', 46, 'a'),
('7a11c4', 47, 'a'),
('7a11c4', 48, 'b'),
('7a11c4', 49, 'c'),
('7a11c4', 50, 'a'),
('c98703', 1, 'a'),
('c98703', 2, 'b'),
('c98703', 3, 'b'),
('c98703', 4, 'b'),
('c98703', 5, 'c'),
('c98703', 6, 'd'),
('c98703', 7, 'b'),
('c98703', 8, 'd'),
('c98703', 9, 'a'),
('c98703', 10, 'b'),
('c98703', 11, 'a'),
('c98703', 12, 'c'),
('c98703', 13, 'a'),
('c98703', 14, 'c'),
('c98703', 15, 'a'),
('c98703', 16, 'a'),
('c98703', 17, 'd'),
('c98703', 18, 'c'),
('c98703', 19, 'd'),
('c98703', 20, 'b'),
('c98703', 21, 'b'),
('c98703', 22, 'b'),
('c98703', 23, 'c'),
('c98703', 24, 'c'),
('c98703', 25, 'a'),
('c98703', 26, 'a'),
('c98703', 27, 'a'),
('c98703', 28, 'a'),
('c98703', 29, 'c'),
('c98703', 30, 'c'),
('c98703', 31, 'a'),
('c98703', 32, 'b'),
('c98703', 33, 'b'),
('c98703', 34, 'b'),
('c98703', 35, 'b'),
('c98703', 36, 'a'),
('c98703', 37, 'c'),
('c98703', 38, 'd'),
('c98703', 39, 'b'),
('c98703', 40, 'b'),
('c98703', 41, 'd'),
('c98703', 42, 'a'),
('c98703', 43, 'b'),
('c98703', 44, 'b'),
('c98703', 45, 'b'),
('c98703', 46, 'a'),
('c98703', 47, 'a'),
('c98703', 48, 'b'),
('c98703', 49, 'c'),
('c98703', 50, 'a'),
('f5fab0', 1, 'a'),
('f5fab0', 2, 'a'),
('f5fab0', 3, 'a'),
('f5fab0', 4, 'a'),
('f5fab0', 5, 'a'),
('f5fab0', 6, 'b'),
('f5fab0', 7, 'b'),
('f5fab0', 8, 'b'),
('f5fab0', 9, 'b'),
('f5fab0', 10, 'b'),
('f5fab0', 11, 'c'),
('f5fab0', 12, 'c'),
('f5fab0', 13, 'c'),
('f5fab0', 14, 'c'),
('f5fab0', 15, 'c'),
('f5fab0', 16, 'd'),
('f5fab0', 17, 'd'),
('f5fab0', 18, 'd'),
('f5fab0', 19, 'd'),
('f5fab0', 20, 'd'),
('f5fab0', 21, 'e'),
('f5fab0', 22, 'e'),
('f5fab0', 23, 'e'),
('f5fab0', 24, 'e'),
('f5fab0', 25, 'e'),
('f5fab0', 26, 'a'),
('f5fab0', 27, 'a'),
('f5fab0', 28, 'a'),
('f5fab0', 29, 'a'),
('f5fab0', 30, 'a'),
('f5fab0', 31, 'b'),
('f5fab0', 32, 'b'),
('f5fab0', 33, 'b'),
('f5fab0', 34, 'b'),
('f5fab0', 35, 'b'),
('f5fab0', 36, 'c'),
('f5fab0', 37, 'c'),
('f5fab0', 38, 'c'),
('f5fab0', 39, 'c'),
('f5fab0', 40, 'c'),
('f5fab0', 41, 'd'),
('f5fab0', 42, 'd'),
('f5fab0', 43, 'd'),
('f5fab0', 44, 'd'),
('f5fab0', 45, 'd');

-- --------------------------------------------------------

--
-- Table structure for table `student`
--

CREATE TABLE `student` (
  `id_exam` varchar(30) NOT NULL,
  `id_student` varchar(20) NOT NULL,
  `st_name` varchar(30) DEFAULT NULL,
  `section` int(2) DEFAULT NULL,
  `total_score` int(4) DEFAULT NULL,
  `no_student` int(10) NOT NULL
) ENGINE=InnoDB DEFAULT CHARSET=utf8mb4 COLLATE=utf8mb4_general_ci;

--
-- Dumping data for table `student`
--

INSERT INTO `student` (`id_exam`, `id_student`, `st_name`, `section`, `total_score`, `no_student`) VALUES
('f5fab0', '6304062630081', 'นางสาวพิมพิกา อรุโณทัย', NULL, 9, 1),
('f5fab0', '6304062630082', 'นางสาวธารารัตน์ เล็กพันธุ์', NULL, 13, 2),
('f5fab0', '6304062630083', 'นางสาวฌานิศา อิ่มลิ้มทาน', NULL, 16, 3),
('f5fab0', '6304062630084', 'นางสาวสวรรยา คำมุลนา', NULL, 11, 4),
('027977', '64-040626-1603-9', 'นายศุภกานต์  บินไกรมาท์', NULL, 19, 1),
('083a13', '64-040626-1603-9', 'นายศุภกานต์  บินไกรมาท์', 2, 22, 1),
('761249', '64-040626-1603-9', 'นายศุภกานต์  บินไกรมาท์', 2, 26, 1),
('85e22e', '64-040626-1603-9', 'นายศุภกานต์  บินไกรมาท์', NULL, NULL, 1),
('027977', '64-040626-3634-0', 'นายปกเกล้า  ศรีนอม', NULL, 16, 2),
('083a13', '64-040626-3634-0', 'นายปกเกล้า  ศรีนอม', 2, 22, 2),
('761249', '64-040626-3634-0', 'นายปกเกล้า  ศรีนอม', 2, 24, 2),
('85e22e', '64-040626-3634-0', 'นายปกเกล้า  ศรีนอม', NULL, NULL, 2),
('027977', '64-040626-3635-8', 'นายปธานิน  ธิมา', NULL, NULL, 3),
('083a13', '64-040626-3635-8', 'นายปธานิน  ธิมา', 2, 18, 3),
('761249', '64-040626-3635-8', 'นายปธานิน  ธิมา', 2, 23, 3),
('85e22e', '64-040626-3635-8', 'นายปธานิน  ธิมา', NULL, NULL, 3),
('47fd84', '6404062610111', 'นายปรมินทร์ เอมโกษา', 1, 20, 1),
('7228f2', '6404062610111', 'นายปรมินทร์ เอมโกษา', NULL, 17, 1),
('7a11c4', '6404062610111', 'นายปรมินทร์ เอมโกษา', 1, 20, 1),
('c98703', '6404062610111', 'นายปรมินทร์ เอมโกษา', NULL, 20, 1),
('47fd84', '6404062610162', 'นายพีรภัทร ต้นคำ', 1, 26, 2),
('7228f2', '6404062610162', 'นายพีรภัทร ต้นคำ', NULL, 23, 2),
('7a11c4', '6404062610162', 'นายพีรภัทร ต้นคำ', 1, 26, 2),
('c98703', '6404062610162', 'นายพีรภัทร ต้นคำ', NULL, 26, 2),
('47fd84', '6404062610171', 'นายพุทธคุณ สวนสำราญ', 1, 31, 3),
('7228f2', '6404062610171', 'นายพุทธคุณ สวนสำราญ', NULL, 21, 3),
('7a11c4', '6404062610171', 'นายพุทธคุณ สวนสำราญ', 1, 31, 3),
('c98703', '6404062610171', 'นายพุทธคุณ สวนสำราญ', NULL, 31, 3),
('47fd84', '6404062610391', 'นายกรณ์มงคล ฤสิงห์พิชย์', 1, 25, 4),
('7228f2', '6404062610391', 'นายกรณ์มงคล ฤสิงห์พิชย์', NULL, 13, 4),
('7a11c4', '6404062610391', 'นายกรณ์มงคล ฤสิงห์พิชย์', 1, 25, 4),
('c98703', '6404062610391', 'นายกรณ์มงคล ฤสิงห์พิชย์', NULL, 25, 4),
('47fd84', '6404062610405', 'นายณภัทร ภมรสูตร', 1, 34, 5),
('7a11c4', '6404062610405', 'นายณภัทร ภมรสูตร', 1, 34, 5),
('c98703', '6404062610405', 'นายณภัทร ภมรสูตร', NULL, 34, 5),
('47fd84', '6404062610481', 'นายธนวัฒน์ กามะ', 1, 31, 6),
('7228f2', '6404062610481', 'นายธนวัฒน์ กามะ', NULL, 25, 5),
('7a11c4', '6404062610481', 'นายธนวัฒน์ กามะ', 1, 31, 6),
('c98703', '6404062610481', 'นายธนวัฒน์ กามะ', NULL, 31, 6),
('47fd84', '6404062620044', 'นายณัฏฐกิตติ์ ขอนทอง', 1, 27, 7),
('7228f2', '6404062620044', 'นายณัฏฐกิตติ์ ขอนทอง', NULL, 26, 6),
('7a11c4', '6404062620044', 'นายณัฏฐกิตติ์ ขอนทอง', 1, 27, 7),
('c98703', '6404062620044', 'นายณัฏฐกิตติ์ ขอนทอง', NULL, 27, 7),
('027977', '65-040626-1601-1', 'นายธฤต  เทียรพิสุทธิ์', NULL, 16, 4),
('083a13', '65-040626-1601-1', 'นายธฤต  เทียรพิสุทธิ์', 2, NULL, 4),
('761249', '65-040626-1601-1', 'นายธฤต  เทียรพิสุทธิ์', 2, 25, 4),
('85e22e', '65-040626-1601-1', 'นายธฤต  เทียรพิสุทธิ์', NULL, NULL, 4),
('027977', '65-040626-1607-1', 'นายธิปไตย  ก๋งพยุง', NULL, 13, 5),
('083a13', '65-040626-1607-1', 'นายธิปไตย  ก๋งพยุง', 2, NULL, 5),
('761249', '65-040626-1607-1', 'นายธิปไตย  ก๋งพยุง', 2, 27, 5),
('85e22e', '65-040626-1607-1', 'นายธิปไตย  ก๋งพยุง', NULL, NULL, 5),
('027977', '65-040626-3602-1', 'นางสาวกัญญาวีร์  เปี่ยมฉวีวงศ์', NULL, NULL, 6),
('083a13', '65-040626-3602-1', 'นางสาวกัญญาวีร์  เปี่ยมฉวีวงศ์', 2, NULL, 6),
('761249', '65-040626-3602-1', 'นางสาวกัญญาวีร์  เปี่ยมฉวีวงศ์', 2, 16, 6),
('85e22e', '65-040626-3602-1', 'นางสาวกัญญาวีร์  เปี่ยมฉวีวงศ์', NULL, NULL, 6),
('027977', '65-040626-3603-9', 'นายเกษมสิทธิ์  พิมพะวัฒน์', NULL, NULL, 7),
('083a13', '65-040626-3603-9', 'นายเกษมสิทธิ์  พิมพะวัฒน์', 2, NULL, 7),
('761249', '65-040626-3603-9', 'นายเกษมสิทธิ์  พิมพะวัฒน์', 2, 23, 7),
('85e22e', '65-040626-3603-9', 'นายเกษมสิทธิ์  พิมพะวัฒน์', NULL, NULL, 7),
('027977', '65-040626-3620-9', 'นายปัณณวิทย์  สร้อยสำโรง', NULL, NULL, 8),
('083a13', '65-040626-3620-9', 'นายปัณณวิทย์  สร้อยสำโรง', 2, NULL, 8),
('761249', '65-040626-3620-9', 'นายปัณณวิทย์  สร้อยสำโรง', 2, NULL, 8),
('85e22e', '65-040626-3620-9', 'นายปัณณวิทย์  สร้อยสำโรง', NULL, NULL, 8),
('027977', '65-040626-3634-9', 'นายศักดิพล  ดีช้อย', NULL, NULL, 9),
('083a13', '65-040626-3634-9', 'นายศักดิพล  ดีช้อย', 2, NULL, 9),
('761249', '65-040626-3634-9', 'นายศักดิพล  ดีช้อย', 2, NULL, 9),
('85e22e', '65-040626-3634-9', 'นายศักดิพล  ดีช้อย', NULL, NULL, 9),
('027977', '65-040626-3638-1', 'นายอโนชา  สิทธิโชติ', NULL, NULL, 10),
('083a13', '65-040626-3638-1', 'นายอโนชา  สิทธิโชติ', 2, NULL, 10),
('761249', '65-040626-3638-1', 'นายอโนชา  สิทธิโชติ', 2, NULL, 10),
('85e22e', '65-040626-3638-1', 'นายอโนชา  สิทธิโชติ', NULL, NULL, 10),
('47fd84', '6504062610048', 'นายกีรติ บุญเทศ', 1, 20, 8),
('7228f2', '6504062610048', 'นายกีรติ บุญเทศ', NULL, 21, 7),
('7a11c4', '6504062610048', 'นายกีรติ บุญเทศ', 1, 20, 8),
('c98703', '6504062610048', 'นายกีรติ บุญเทศ', NULL, 20, 8),
('47fd84', '6504062610072', 'นายณัฐนนท์ ภักดีวานิช', 1, 26, 9),
('7228f2', '6504062610072', 'นายณัฐนนท์ ภักดีวานิช', NULL, 24, 8),
('7a11c4', '6504062610072', 'นายณัฐนนท์ ภักดีวานิช', 1, 26, 9),
('c98703', '6504062610072', 'นายณัฐนนท์ ภักดีวานิช', NULL, 26, 9),
('47fd84', '6504062610081', 'นายณัฐนันท์ เติมเศรษฐเจริญ', 1, 34, 10),
('7228f2', '6504062610081', 'นายณัฐนันท์ เติมเศรษฐเจริญ', NULL, 25, 9),
('7a11c4', '6504062610081', 'นายณัฐนันท์ เติมเศรษฐเจริญ', 1, 34, 10),
('c98703', '6504062610081', 'นายณัฐนันท์ เติมเศรษฐเจริญ', NULL, 34, 10),
('47fd84', '6504062610102', 'นายต้นสัก คัดมอน', 1, 31, 11),
('7228f2', '6504062610102', 'นายต้นสัก คัดมอน', NULL, 20, 10),
('7a11c4', '6504062610102', 'นายต้นสัก คัดมอน', 1, 31, 11),
('c98703', '6504062610102', 'นายต้นสัก คัดมอน', NULL, NULL, 11),
('47fd84', '6504062610137', 'นายธีราพัฒน์ จิรภาสนิธิเลิศ', 1, 31, 12),
('7a11c4', '6504062610137', 'นายธีราพัฒน์ จิรภาสนิธิเลิศ', 1, 31, 12),
('c98703', '6504062610137', 'นายธีราพัฒน์ จิรภาสนิธิเลิศ', NULL, NULL, 12),
('47fd84', '6504062610153', 'นายนิธิศ เกศกะงาม', 1, 30, 13),
('7a11c4', '6504062610153', 'นายนิธิศ เกศกะงาม', 1, 30, 13),
('c98703', '6504062610153', 'นายนิธิศ เกศกะงาม', NULL, NULL, 13),
('47fd84', '6504062610161', 'นางสาวบุญนิสา ด้วงเอียด', 1, 21, 14),
('7a11c4', '6504062610161', 'นางสาวบุญนิสา ด้วงเอียด', 1, 21, 14),
('c98703', '6504062610161', 'นางสาวบุญนิสา ด้วงเอียด', NULL, NULL, 14),
('47fd84', '6504062610170', 'นางสาวปภาวรินท์ สุฉันทบุตร', 1, 37, 15),
('7a11c4', '6504062610170', 'นางสาวปภาวรินท์ สุฉันทบุตร', 1, 37, 15),
('c98703', '6504062610170', 'นางสาวปภาวรินท์ สุฉันทบุตร', NULL, NULL, 15),
('47fd84', '6504062610196', 'นายพิชานนท์ ทวีพิทยนันท์', 1, 27, 16),
('7a11c4', '6504062610196', 'นายพิชานนท์ ทวีพิทยนันท์', 1, 27, 16),
('c98703', '6504062610196', 'นายพิชานนท์ ทวีพิทยนันท์', NULL, NULL, 16),
('47fd84', '6504062610200', 'นายพีรศิลป์ ศรี-ศรี', 1, 28, 17),
('7a11c4', '6504062610200', 'นายพีรศิลป์ ศรี-ศรี', 1, 28, 17),
('c98703', '6504062610200', 'นายพีรศิลป์ ศรี-ศรี', NULL, NULL, 17),
('47fd84', '6504062610218', 'นายวรเมธ โพธิ์ทอง', 1, 17, 18),
('7a11c4', '6504062610218', 'นายวรเมธ โพธิ์ทอง', 1, 17, 18),
('c98703', '6504062610218', 'นายวรเมธ โพธิ์ทอง', NULL, 17, 18),
('47fd84', '6504062610226', 'นายวรวิทย์ กิมเฮงหลี', 1, 35, 19),
('7a11c4', '6504062610226', 'นายวรวิทย์ กิมเฮงหลี', 1, 35, 19),
('c98703', '6504062610226', 'นายวรวิทย์ กิมเฮงหลี', NULL, 35, 19),
('47fd84', '6504062610234', 'นายวรวิบูล มั่งมี', 1, 33, 20),
('7a11c4', '6504062610234', 'นายวรวิบูล มั่งมี', 1, 33, 20),
('c98703', '6504062610234', 'นายวรวิบูล มั่งมี', NULL, 33, 20),
('47fd84', '6504062610269', 'นายศิริพงษ์ พฤติเครือวงศ์', 1, 21, 21),
('7a11c4', '6504062610269', 'นายศิริพงษ์ พฤติเครือวงศ์', 1, 21, 21),
('c98703', '6504062610269', 'นายศิริพงษ์ พฤติเครือวงศ์', NULL, 21, 21),
('47fd84', '6504062610307', 'นายอติชาต ธาราเกษม', 1, 27, 22),
('7a11c4', '6504062610307', 'นายอติชาต ธาราเกษม', 1, 27, 22),
('c98703', '6504062610307', 'นายอติชาต ธาราเกษม', NULL, 27, 22),
('47fd84', '6504062620043', 'นายทัศว์พล จันพลโท', 1, 28, 23),
('7a11c4', '6504062620043', 'นายทัศว์พล จันพลโท', 1, 28, 23),
('c98703', '6504062620043', 'นายทัศว์พล จันพลโท', NULL, 28, 23),
('47fd84', '6504062620094', 'นางสาวรมย์รัมภา วาณิชย์ธราสกุล', 1, 27, 24),
('7a11c4', '6504062620094', 'นางสาวรมย์รัมภา วาณิชย์ธราสกุล', 1, 27, 24),
('c98703', '6504062620094', 'นางสาวรมย์รัมภา วาณิชย์ธราสกุล', NULL, 27, 24),
('47fd84', '6504062620108', 'นายรัชชานนท์ บัวชุม', 1, 34, 25),
('7a11c4', '6504062620108', 'นายรัชชานนท์ บัวชุม', 1, 34, 25),
('c98703', '6504062620108', 'นายรัชชานนท์ บัวชุม', NULL, 34, 25),
('47fd84', '6504062620116', 'นายวุฒิพร ทัศนา', 1, 22, 26),
('7a11c4', '6504062620116', 'นายวุฒิพร ทัศนา', 1, 22, 26),
('c98703', '6504062620116', 'นายวุฒิพร ทัศนา', NULL, 22, 26),
('47fd84', '6504062620159', 'นายโมกข์ มาอาจ', 1, 17, 27),
('7a11c4', '6504062620159', 'นายโมกข์ มาอาจ', 1, 17, 27),
('c98703', '6504062620159', 'นายโมกข์ มาอาจ', NULL, 17, 27),
('47fd84', '6504062620175', 'นายอธิชา เล็กสรรเสริญ', 1, 43, 28),
('7a11c4', '6504062620175', 'นายอธิชา เล็กสรรเสริญ', 1, 43, 28),
('c98703', '6504062620175', 'นายอธิชา เล็กสรรเสริญ', NULL, 43, 28),
('47fd84', '6504062663061', 'นายจิรัฐกาญจน์ ชูจันทร์', 1, 29, 29),
('7a11c4', '6504062663061', 'นายจิรัฐกาญจน์ ชูจันทร์', 1, 29, 29),
('c98703', '6504062663061', 'นายจิรัฐกาญจน์ ชูจันทร์', NULL, 29, 29),
('47fd84', '6504062663087', 'นายชลทิศ อินทรโชติ', 1, NULL, 30),
('7a11c4', '6504062663087', 'นายชลทิศ อินทรโชติ', 1, 35, 30),
('c98703', '6504062663087', 'นายชลทิศ อินทรโชติ', NULL, NULL, 30),
('47fd84', '6504062663095', 'นายญาณศรณ์ ศักดิ์ศรีตระกูล', 1, 31, 31),
('7a11c4', '6504062663095', 'นายญาณศรณ์ ศักดิ์ศรีตระกูล', 1, 31, 31),
('c98703', '6504062663095', 'นายญาณศรณ์ ศักดิ์ศรีตระกูล', NULL, NULL, 31),
('47fd84', '6504062663192', 'นายภัทรพล ปิ่นทอง', 1, 33, 32),
('7a11c4', '6504062663192', 'นายภัทรพล ปิ่นทอง', 1, 33, 32),
('c98703', '6504062663192', 'นายภัทรพล ปิ่นทอง', NULL, NULL, 32),
('47fd84', '6504062663249', 'นายลวิตร เจนวิชชุวงศ์', 1, 39, 33),
('7a11c4', '6504062663249', 'นายลวิตร เจนวิชชุวงศ์', 1, 39, 33),
('c98703', '6504062663249', 'นายลวิตร เจนวิชชุวงศ์', NULL, NULL, 33);

-- --------------------------------------------------------

--
-- Table structure for table `student_answer`
--

CREATE TABLE `student_answer` (
  `id_exam` varchar(30) NOT NULL,
  `id_student` varchar(20) NOT NULL,
  `no_student_answer` int(3) NOT NULL,
  `student_answer` varchar(1) DEFAULT NULL,
  `score` int(3) DEFAULT NULL
) ENGINE=InnoDB DEFAULT CHARSET=utf8mb4 COLLATE=utf8mb4_general_ci;

--
-- Dumping data for table `student_answer`
--

INSERT INTO `student_answer` (`id_exam`, `id_student`, `no_student_answer`, `student_answer`, `score`) VALUES
('027977', '64-040626-1603-9', 1, 'e', NULL),
('027977', '64-040626-3634-0', 1, 'd', NULL),
('027977', '65-040626-1601-1', 1, 'c', NULL),
('027977', '65-040626-1607-1', 1, 'e', NULL),
('f5fab0', '6304062630081', 1, 'a', NULL),
('f5fab0', '6304062630082', 1, 'a', NULL),
('f5fab0', '6304062630083', 1, 'a', NULL),
('f5fab0', '6304062630084', 1, 'a', NULL),
('027977', '64-040626-1603-9', 2, 'c', NULL),
('027977', '64-040626-3634-0', 2, 'd', NULL),
('027977', '65-040626-1601-1', 2, 'c', NULL),
('027977', '65-040626-1607-1', 2, 'c', NULL),
('f5fab0', '6304062630081', 2, 'a', NULL),
('f5fab0', '6304062630082', 2, 'a', NULL),
('f5fab0', '6304062630083', 2, 'a', NULL),
('f5fab0', '6304062630084', 2, 'a', NULL),
('027977', '64-040626-1603-9', 3, 'c', NULL),
('027977', '64-040626-3634-0', 3, 'c', NULL),
('027977', '65-040626-1601-1', 3, 'b', NULL),
('027977', '65-040626-1607-1', 3, 'b', NULL),
('f5fab0', '6304062630081', 3, 'b', NULL),
('f5fab0', '6304062630082', 3, 'a', NULL),
('f5fab0', '6304062630083', 3, 'a', NULL),
('f5fab0', '6304062630084', 3, 'b', NULL),
('027977', '64-040626-1603-9', 4, 'd', NULL),
('027977', '64-040626-3634-0', 4, 'b', NULL),
('027977', '65-040626-1601-1', 4, 'b', NULL),
('027977', '65-040626-1607-1', 4, 'c', NULL),
('f5fab0', '6304062630081', 4, 'b', NULL),
('f5fab0', '6304062630082', 4, 'c', NULL),
('f5fab0', '6304062630083', 4, 'a', NULL),
('f5fab0', '6304062630084', 4, 'b', NULL),
('027977', '64-040626-1603-9', 5, 'd', NULL),
('027977', '64-040626-3634-0', 5, 'a', NULL),
('027977', '65-040626-1601-1', 5, 'a', NULL),
('f5fab0', '6304062630081', 5, 'c', NULL),
('f5fab0', '6304062630082', 5, 'c', NULL),
('f5fab0', '6304062630083', 5, 'b', NULL),
('f5fab0', '6304062630084', 5, 'c', NULL),
('027977', '64-040626-1603-9', 6, 'e', NULL),
('027977', '64-040626-3634-0', 6, 'c', NULL),
('027977', '65-040626-1601-1', 6, 'b', NULL),
('027977', '65-040626-1607-1', 6, 'b', NULL),
('f5fab0', '6304062630081', 6, 'c', NULL),
('f5fab0', '6304062630082', 6, 'c', NULL),
('f5fab0', '6304062630083', 6, 'c', NULL),
('f5fab0', '6304062630084', 6, 'c', NULL),
('027977', '64-040626-1603-9', 7, 'b', NULL),
('027977', '64-040626-3634-0', 7, 'c', NULL),
('027977', '65-040626-1601-1', 7, 'c', NULL),
('027977', '65-040626-1607-1', 7, 'd', NULL),
('f5fab0', '6304062630081', 7, 'c', NULL),
('f5fab0', '6304062630082', 7, 'c', NULL),
('f5fab0', '6304062630083', 7, 'c', NULL),
('f5fab0', '6304062630084', 7, 'd', NULL),
('027977', '64-040626-1603-9', 8, 'b', NULL),
('027977', '64-040626-3634-0', 8, 'b', NULL),
('027977', '65-040626-1601-1', 8, 'd', NULL),
('027977', '65-040626-1607-1', 8, 'e', NULL),
('f5fab0', '6304062630081', 8, 'd', NULL),
('f5fab0', '6304062630082', 8, 'd', NULL),
('f5fab0', '6304062630083', 8, 'b', NULL),
('f5fab0', '6304062630084', 8, 'd', NULL),
('027977', '64-040626-1603-9', 9, 'a', NULL),
('027977', '64-040626-3634-0', 9, 'b', NULL),
('027977', '65-040626-1601-1', 9, 'e', NULL),
('027977', '65-040626-1607-1', 9, 'c', NULL),
('f5fab0', '6304062630081', 9, 'd', NULL),
('f5fab0', '6304062630082', 9, 'e', NULL),
('f5fab0', '6304062630083', 9, 'b', NULL),
('f5fab0', '6304062630084', 9, 'd', NULL),
('027977', '64-040626-1603-9', 10, 'a', NULL),
('027977', '64-040626-3634-0', 10, 'e', NULL),
('027977', '65-040626-1601-1', 10, 'c', NULL),
('027977', '65-040626-1607-1', 10, 'd', NULL),
('f5fab0', '6304062630081', 10, 'd', NULL),
('f5fab0', '6304062630082', 10, 'b', NULL),
('f5fab0', '6304062630083', 10, 'd', NULL),
('f5fab0', '6304062630084', 10, 'd', NULL),
('027977', '64-040626-1603-9', 11, 'c', NULL),
('027977', '64-040626-3634-0', 11, 'd', NULL),
('027977', '65-040626-1601-1', 11, 'b', NULL),
('027977', '65-040626-1607-1', 11, 'e', NULL),
('f5fab0', '6304062630081', 11, 'd', NULL),
('f5fab0', '6304062630082', 11, 'e', NULL),
('f5fab0', '6304062630083', 11, 'd', NULL),
('f5fab0', '6304062630084', 11, 'c', NULL),
('027977', '64-040626-1603-9', 12, 'd', NULL),
('027977', '64-040626-3634-0', 12, 'b', NULL),
('027977', '65-040626-1601-1', 12, 'b', NULL),
('027977', '65-040626-1607-1', 12, 'b', NULL),
('f5fab0', '6304062630081', 12, 'a', NULL),
('f5fab0', '6304062630082', 12, 'c', NULL),
('f5fab0', '6304062630083', 12, 'd', NULL),
('f5fab0', '6304062630084', 12, 'a', NULL),
('027977', '64-040626-1603-9', 13, 'e', NULL),
('027977', '64-040626-3634-0', 13, 'e', NULL),
('027977', '65-040626-1601-1', 13, 'c', NULL),
('027977', '65-040626-1607-1', 13, 'a', NULL),
('f5fab0', '6304062630081', 13, 'a', NULL),
('f5fab0', '6304062630082', 13, 'b', NULL),
('f5fab0', '6304062630083', 13, 'b', NULL),
('f5fab0', '6304062630084', 13, 'b', NULL),
('027977', '64-040626-1603-9', 14, 'e', NULL),
('027977', '64-040626-3634-0', 14, 'e', NULL),
('027977', '65-040626-1601-1', 14, 'd', NULL),
('027977', '65-040626-1607-1', 14, 'c', NULL),
('f5fab0', '6304062630081', 14, 'a', NULL),
('f5fab0', '6304062630082', 14, 'c', NULL),
('f5fab0', '6304062630083', 14, 'a', NULL),
('f5fab0', '6304062630084', 14, 'b', NULL),
('027977', '64-040626-1603-9', 15, 'c', NULL),
('027977', '64-040626-3634-0', 15, 'a', NULL),
('027977', '65-040626-1601-1', 15, 'e', NULL),
('027977', '65-040626-1607-1', 15, 'd', NULL),
('f5fab0', '6304062630081', 15, 'e', NULL),
('f5fab0', '6304062630082', 15, 'c', NULL),
('f5fab0', '6304062630083', 15, 'c', NULL),
('f5fab0', '6304062630084', 15, 'c', NULL),
('027977', '64-040626-1603-9', 16, 'd', NULL),
('027977', '64-040626-3634-0', 16, 'a', NULL),
('027977', '65-040626-1601-1', 16, 'c', NULL),
('027977', '65-040626-1607-1', 16, 'e', NULL),
('f5fab0', '6304062630081', 16, 'e', NULL),
('f5fab0', '6304062630082', 16, 'c', NULL),
('f5fab0', '6304062630083', 16, 'b', NULL),
('f5fab0', '6304062630084', 16, 'd', NULL),
('027977', '64-040626-1603-9', 17, 'e', NULL),
('027977', '64-040626-3634-0', 17, 'a', NULL),
('027977', '65-040626-1601-1', 17, 'b', NULL),
('027977', '65-040626-1607-1', 17, 'c', NULL),
('f5fab0', '6304062630081', 17, 'e', NULL),
('f5fab0', '6304062630082', 17, 'c', NULL),
('f5fab0', '6304062630083', 17, 'd', NULL),
('f5fab0', '6304062630084', 17, 'd', NULL),
('027977', '64-040626-1603-9', 18, 'b', NULL),
('027977', '64-040626-3634-0', 18, 'a', NULL),
('027977', '65-040626-1601-1', 18, 'b', NULL),
('027977', '65-040626-1607-1', 18, 'b', NULL),
('f5fab0', '6304062630081', 18, 'e', NULL),
('f5fab0', '6304062630082', 18, 'c', NULL),
('f5fab0', '6304062630083', 18, 'b', NULL),
('f5fab0', '6304062630084', 18, 'd', NULL),
('027977', '64-040626-1603-9', 19, 'c', NULL),
('027977', '64-040626-3634-0', 19, 'b', NULL),
('027977', '65-040626-1601-1', 19, 'c', NULL),
('027977', '65-040626-1607-1', 19, 'b', NULL),
('f5fab0', '6304062630081', 19, 'd', NULL),
('f5fab0', '6304062630082', 19, 'c', NULL),
('f5fab0', '6304062630083', 19, 'c', NULL),
('f5fab0', '6304062630084', 19, 'b', NULL),
('027977', '64-040626-1603-9', 20, 'e', NULL),
('027977', '64-040626-3634-0', 20, 'd', NULL),
('027977', '65-040626-1601-1', 20, 'd', NULL),
('027977', '65-040626-1607-1', 20, 'c', NULL),
('f5fab0', '6304062630081', 20, 'd', NULL),
('f5fab0', '6304062630082', 20, 'a', NULL),
('f5fab0', '6304062630083', 20, 'a', NULL),
('f5fab0', '6304062630084', 20, 'b', NULL),
('027977', '64-040626-1603-9', 21, 'a', NULL),
('027977', '64-040626-3634-0', 21, 'c', NULL),
('027977', '65-040626-1601-1', 21, 'e', NULL),
('027977', '65-040626-1607-1', 21, 'd', NULL),
('f5fab0', '6304062630081', 21, 'd', NULL),
('f5fab0', '6304062630082', 21, 'b', NULL),
('f5fab0', '6304062630083', 21, 'a', NULL),
('f5fab0', '6304062630084', 21, 'b', NULL),
('027977', '64-040626-1603-9', 22, 'c', NULL),
('027977', '64-040626-3634-0', 22, 'b', NULL),
('027977', '65-040626-1601-1', 22, 'e', NULL),
('027977', '65-040626-1607-1', 22, 'e', NULL),
('f5fab0', '6304062630081', 22, 'd', NULL),
('f5fab0', '6304062630082', 22, 'c', NULL),
('f5fab0', '6304062630083', 22, 'a', NULL),
('f5fab0', '6304062630084', 22, 'c', NULL),
('027977', '64-040626-1603-9', 23, 'd', NULL),
('027977', '64-040626-3634-0', 23, 'e', NULL),
('027977', '65-040626-1601-1', 23, 'e', NULL),
('027977', '65-040626-1607-1', 23, 'c', NULL),
('f5fab0', '6304062630081', 23, 'a', NULL),
('f5fab0', '6304062630082', 23, 'd', NULL),
('f5fab0', '6304062630083', 23, 'a', NULL),
('f5fab0', '6304062630084', 23, 'd', NULL),
('027977', '64-040626-1603-9', 24, 'e', NULL),
('027977', '64-040626-3634-0', 24, 'e', NULL),
('027977', '65-040626-1601-1', 24, 'e', NULL),
('027977', '65-040626-1607-1', 24, 'b', NULL),
('f5fab0', '6304062630081', 24, 'a', NULL),
('f5fab0', '6304062630082', 24, 'b', NULL),
('f5fab0', '6304062630083', 24, 'a', NULL),
('f5fab0', '6304062630084', 24, 'e', NULL),
('027977', '64-040626-1603-9', 25, 'a', NULL),
('027977', '64-040626-3634-0', 25, 'c', NULL),
('027977', '65-040626-1601-1', 25, 'c', NULL),
('027977', '65-040626-1607-1', 25, 'a', NULL),
('f5fab0', '6304062630081', 25, 'a', NULL),
('f5fab0', '6304062630082', 25, 'd', NULL),
('f5fab0', '6304062630083', 25, 'a', NULL),
('f5fab0', '6304062630084', 25, 'e', NULL),
('027977', '64-040626-1603-9', 26, 'b', NULL),
('027977', '64-040626-3634-0', 26, 'c', NULL),
('027977', '65-040626-1601-1', 26, 'c', NULL),
('027977', '65-040626-1607-1', 26, 'd', NULL),
('f5fab0', '6304062630081', 26, 'a', NULL),
('f5fab0', '6304062630082', 26, 'a', NULL),
('f5fab0', '6304062630083', 26, 'a', NULL),
('f5fab0', '6304062630084', 26, 'a', NULL),
('027977', '64-040626-1603-9', 27, 'b', NULL),
('027977', '64-040626-3634-0', 27, 'c', NULL),
('027977', '65-040626-1601-1', 27, 'c', NULL),
('027977', '65-040626-1607-1', 27, 'e', NULL),
('f5fab0', '6304062630081', 27, 'b', NULL),
('f5fab0', '6304062630082', 27, 'b', NULL),
('f5fab0', '6304062630083', 27, 'a', NULL),
('f5fab0', '6304062630084', 27, 'b', NULL),
('027977', '64-040626-1603-9', 28, 'e', NULL),
('027977', '64-040626-3634-0', 28, 'b', NULL),
('027977', '65-040626-1601-1', 28, 'd', NULL),
('027977', '65-040626-1607-1', 28, 'c', NULL),
('f5fab0', '6304062630081', 28, 'b', NULL),
('f5fab0', '6304062630082', 28, 'b', NULL),
('f5fab0', '6304062630083', 28, 'a', NULL),
('f5fab0', '6304062630084', 28, 'b', NULL),
('027977', '64-040626-1603-9', 29, 'c', NULL),
('027977', '64-040626-3634-0', 29, 'c', NULL),
('027977', '65-040626-1601-1', 29, 'a', NULL),
('027977', '65-040626-1607-1', 29, 'b', NULL),
('f5fab0', '6304062630081', 29, 'a', NULL),
('f5fab0', '6304062630082', 29, 'a', NULL),
('f5fab0', '6304062630083', 29, 'b', NULL),
('f5fab0', '6304062630084', 29, 'b', NULL),
('027977', '64-040626-1603-9', 30, 'a', NULL),
('027977', '64-040626-3634-0', 30, 'e', NULL),
('027977', '65-040626-1601-1', 30, 'b', NULL),
('027977', '65-040626-1607-1', 30, 'c', NULL),
('f5fab0', '6304062630081', 30, 'd', NULL),
('f5fab0', '6304062630082', 30, 'a', NULL),
('f5fab0', '6304062630083', 30, 'c', NULL),
('f5fab0', '6304062630084', 30, 'b', NULL),
('027977', '64-040626-1603-9', 31, 'd', NULL),
('027977', '64-040626-3634-0', 31, 'c', NULL),
('027977', '65-040626-1601-1', 31, 'e', NULL),
('027977', '65-040626-1607-1', 31, 'd', NULL),
('f5fab0', '6304062630081', 31, 'e', NULL),
('f5fab0', '6304062630082', 31, 'a', NULL),
('f5fab0', '6304062630083', 31, 'c', NULL),
('f5fab0', '6304062630084', 31, 'c', NULL),
('027977', '64-040626-1603-9', 32, 'e', NULL),
('027977', '64-040626-3634-0', 32, 'c', NULL),
('027977', '65-040626-1601-1', 32, 'd', NULL),
('027977', '65-040626-1607-1', 32, 'b', NULL),
('f5fab0', '6304062630081', 32, 'e', NULL),
('f5fab0', '6304062630082', 32, 'a', NULL),
('f5fab0', '6304062630083', 32, 'b', NULL),
('f5fab0', '6304062630084', 32, 'c', NULL),
('027977', '64-040626-1603-9', 33, 'd', NULL),
('027977', '64-040626-3634-0', 33, 'b', NULL),
('027977', '65-040626-1601-1', 33, 'a', NULL),
('027977', '65-040626-1607-1', 33, 'c', NULL),
('f5fab0', '6304062630081', 33, 'c', NULL),
('f5fab0', '6304062630082', 33, 'a', NULL),
('f5fab0', '6304062630083', 33, 'b', NULL),
('f5fab0', '6304062630084', 33, 'd', NULL),
('027977', '64-040626-1603-9', 34, 'c', NULL),
('027977', '64-040626-3634-0', 34, 'b', NULL),
('027977', '65-040626-1601-1', 34, 'c', NULL),
('027977', '65-040626-1607-1', 34, 'a', NULL),
('f5fab0', '6304062630081', 34, 'c', NULL),
('f5fab0', '6304062630082', 34, 'e', NULL),
('f5fab0', '6304062630083', 34, 'c', NULL),
('f5fab0', '6304062630084', 34, 'e', NULL),
('027977', '64-040626-1603-9', 35, 'c', NULL),
('027977', '64-040626-3634-0', 35, 'a', NULL),
('027977', '65-040626-1601-1', 35, 'b', NULL),
('027977', '65-040626-1607-1', 35, 'b', NULL),
('f5fab0', '6304062630081', 35, 'b', NULL),
('f5fab0', '6304062630082', 35, 'e', NULL),
('f5fab0', '6304062630083', 35, 'b', NULL),
('f5fab0', '6304062630084', 35, 'e', NULL),
('027977', '64-040626-1603-9', 36, 'd', NULL),
('027977', '64-040626-3634-0', 36, 'a', NULL),
('027977', '65-040626-1601-1', 36, 'c', NULL),
('027977', '65-040626-1607-1', 36, 'd', NULL),
('f5fab0', '6304062630081', 36, 'a', NULL),
('f5fab0', '6304062630082', 36, 'e', NULL),
('f5fab0', '6304062630083', 36, 'b', NULL),
('f5fab0', '6304062630084', 36, 'e', NULL),
('027977', '64-040626-1603-9', 37, 'e', NULL),
('027977', '64-040626-3634-0', 37, 'c', NULL),
('027977', '65-040626-1601-1', 37, 'b', NULL),
('027977', '65-040626-1607-1', 37, 'c', NULL),
('f5fab0', '6304062630081', 37, 'b', NULL),
('f5fab0', '6304062630082', 37, 'e', NULL),
('f5fab0', '6304062630083', 37, 'b', NULL),
('f5fab0', '6304062630084', 37, 'e', NULL),
('027977', '64-040626-1603-9', 38, 'c', NULL),
('027977', '64-040626-3634-0', 38, 'd', NULL),
('027977', '65-040626-1601-1', 38, 'e', NULL),
('027977', '65-040626-1607-1', 38, 'e', NULL),
('f5fab0', '6304062630081', 38, 'c', NULL),
('f5fab0', '6304062630082', 38, 'd', NULL),
('f5fab0', '6304062630083', 38, 'b', NULL),
('f5fab0', '6304062630084', 38, 'd', NULL),
('027977', '64-040626-1603-9', 39, 'c', NULL),
('027977', '64-040626-3634-0', 39, 'e', NULL),
('027977', '65-040626-1601-1', 39, 'd', NULL),
('027977', '65-040626-1607-1', 39, 'b', NULL),
('f5fab0', '6304062630081', 39, 'b', NULL),
('f5fab0', '6304062630082', 39, 'c', NULL),
('f5fab0', '6304062630083', 39, 'd', NULL),
('f5fab0', '6304062630084', 39, 'd', NULL),
('027977', '64-040626-1603-9', 40, 'b', NULL),
('027977', '64-040626-3634-0', 40, 'e', NULL),
('027977', '65-040626-1601-1', 40, 'c', NULL),
('027977', '65-040626-1607-1', 40, 'c', NULL),
('f5fab0', '6304062630081', 40, 'd', NULL),
('f5fab0', '6304062630082', 40, 'c', NULL),
('f5fab0', '6304062630083', 40, 'd', NULL),
('f5fab0', '6304062630084', 40, 'c', NULL),
('027977', '64-040626-1603-9', 41, 'c', NULL),
('027977', '64-040626-3634-0', 41, 'd', NULL),
('027977', '65-040626-1601-1', 41, 'b', NULL),
('027977', '65-040626-1607-1', 41, 'd', NULL),
('f5fab0', '6304062630081', 41, 'c', NULL),
('f5fab0', '6304062630082', 41, 'c', NULL),
('f5fab0', '6304062630083', 41, 'a', NULL),
('f5fab0', '6304062630084', 41, 'b', NULL),
('027977', '64-040626-1603-9', 42, 'e', NULL),
('027977', '64-040626-3634-0', 42, 'd', NULL),
('027977', '65-040626-1601-1', 42, 'c', NULL),
('027977', '65-040626-1607-1', 42, 'e', NULL),
('f5fab0', '6304062630081', 42, 'a', NULL),
('f5fab0', '6304062630082', 42, 'b', NULL),
('f5fab0', '6304062630083', 42, 'b', NULL),
('f5fab0', '6304062630084', 42, 'a', NULL),
('027977', '64-040626-1603-9', 43, 'd', NULL),
('027977', '64-040626-3634-0', 43, 'c', NULL),
('027977', '65-040626-1601-1', 43, 'd', NULL),
('027977', '65-040626-1607-1', 43, 'b', NULL),
('f5fab0', '6304062630081', 43, 'b', NULL),
('f5fab0', '6304062630082', 43, 'b', NULL),
('f5fab0', '6304062630083', 43, 'd', NULL),
('f5fab0', '6304062630084', 43, 'b', NULL),
('027977', '64-040626-1603-9', 44, 'e', NULL),
('027977', '64-040626-3634-0', 44, 'c', NULL),
('027977', '65-040626-1601-1', 44, 'e', NULL),
('027977', '65-040626-1607-1', 44, 'a', NULL),
('f5fab0', '6304062630081', 44, 'c', NULL),
('f5fab0', '6304062630082', 44, 'b', NULL),
('f5fab0', '6304062630083', 44, 'c', NULL),
('f5fab0', '6304062630084', 44, 'c', NULL),
('027977', '64-040626-1603-9', 45, 'b', NULL),
('027977', '64-040626-3634-0', 45, 'b', NULL),
('027977', '65-040626-1601-1', 45, 'c', NULL),
('027977', '65-040626-1607-1', 45, 'c', NULL),
('f5fab0', '6304062630081', 45, 'd', NULL),
('f5fab0', '6304062630082', 45, 'd', NULL),
('f5fab0', '6304062630083', 45, 'd', NULL),
('f5fab0', '6304062630084', 45, 'b', NULL),
('027977', '64-040626-1603-9', 46, 'c', NULL),
('027977', '64-040626-3634-0', 46, 'a', NULL),
('027977', '65-040626-1601-1', 46, 'b', NULL),
('027977', '65-040626-1607-1', 46, 'd', NULL),
('027977', '64-040626-1603-9', 47, 'd', NULL),
('027977', '64-040626-3634-0', 47, 'd', NULL),
('027977', '65-040626-1601-1', 47, 'd', NULL),
('027977', '65-040626-1607-1', 47, 'e', NULL),
('027977', '64-040626-1603-9', 48, 'e', NULL),
('027977', '64-040626-3634-0', 48, 'c', NULL),
('027977', '65-040626-1601-1', 48, 'd', NULL),
('027977', '65-040626-1607-1', 48, 'b', NULL),
('027977', '64-040626-1603-9', 49, 'c', NULL),
('027977', '64-040626-3634-0', 49, 'e', NULL),
('027977', '65-040626-1601-1', 49, 'e', NULL),
('027977', '65-040626-1607-1', 49, 'c', NULL),
('027977', '64-040626-1603-9', 50, 'e', NULL),
('027977', '64-040626-3634-0', 50, 'b', NULL),
('027977', '65-040626-1601-1', 50, 'c', NULL),
('027977', '65-040626-1607-1', 50, 'd', NULL),
('027977', '64-040626-1603-9', 51, 'b', NULL),
('027977', '64-040626-3634-0', 51, 'c', NULL),
('027977', '65-040626-1601-1', 51, 'c', NULL),
('027977', '65-040626-1607-1', 51, 'b', NULL),
('027977', '64-040626-1603-9', 52, 'b', NULL),
('027977', '64-040626-3634-0', 52, 'd', NULL),
('027977', '65-040626-1601-1', 52, 'd', NULL),
('027977', '65-040626-1607-1', 52, 'c', NULL),
('027977', '64-040626-1603-9', 53, 'c', NULL),
('027977', '64-040626-3634-0', 53, 'b', NULL),
('027977', '65-040626-1601-1', 53, 'e', NULL),
('027977', '65-040626-1607-1', 53, 'd', NULL),
('027977', '64-040626-1603-9', 54, 'd', NULL),
('027977', '64-040626-3634-0', 54, 'c', NULL),
('027977', '65-040626-1601-1', 54, 'c', NULL),
('027977', '65-040626-1607-1', 54, 'c', NULL),
('027977', '64-040626-1603-9', 55, 'e', NULL),
('027977', '64-040626-3634-0', 55, 'b', NULL),
('027977', '65-040626-1601-1', 55, 'b', NULL),
('027977', '65-040626-1607-1', 55, 'b', NULL),
('027977', '64-040626-1603-9', 56, 'c', NULL),
('027977', '64-040626-3634-0', 56, 'e', NULL),
('027977', '65-040626-1601-1', 56, 'd', NULL),
('027977', '65-040626-1607-1', 56, 'c', NULL),
('027977', '64-040626-1603-9', 57, 'b', NULL),
('027977', '64-040626-3634-0', 57, 'd', NULL),
('027977', '65-040626-1601-1', 57, 'c', NULL),
('027977', '65-040626-1607-1', 57, 'c', NULL),
('027977', '64-040626-1603-9', 58, 'a', NULL),
('027977', '64-040626-3634-0', 58, 'a', NULL),
('027977', '65-040626-1601-1', 58, 'e', NULL),
('027977', '65-040626-1607-1', 58, 'd', NULL),
('027977', '64-040626-1603-9', 59, 'c', NULL),
('027977', '64-040626-3634-0', 59, 'b', NULL),
('027977', '65-040626-1601-1', 59, 'b', NULL),
('027977', '65-040626-1607-1', 59, 'd', NULL),
('027977', '64-040626-1603-9', 60, 'd', NULL),
('027977', '64-040626-3634-0', 60, 'd', NULL),
('027977', '65-040626-1601-1', 60, 'c', NULL),
('027977', '65-040626-1607-1', 60, 'e', NULL),
('027977', '64-040626-1603-9', 61, 'e', NULL),
('027977', '64-040626-3634-0', 61, 'c', NULL),
('027977', '65-040626-1601-1', 61, 'd', NULL),
('027977', '65-040626-1607-1', 61, 'c', NULL),
('027977', '64-040626-1603-9', 62, 'b', NULL),
('027977', '64-040626-3634-0', 62, 'c', NULL),
('027977', '65-040626-1601-1', 62, 'e', NULL),
('027977', '65-040626-1607-1', 62, 'b', NULL),
('027977', '64-040626-1603-9', 63, 'd', NULL),
('027977', '64-040626-3634-0', 63, 'c', NULL),
('027977', '65-040626-1601-1', 63, 'c', NULL),
('027977', '65-040626-1607-1', 63, 'b', NULL),
('027977', '64-040626-1603-9', 64, 'e', NULL),
('027977', '64-040626-3634-0', 64, 'a', NULL),
('027977', '65-040626-1601-1', 64, 'b', NULL),
('027977', '65-040626-1607-1', 64, 'b', NULL),
('027977', '64-040626-1603-9', 65, 'c', NULL),
('027977', '64-040626-3634-0', 65, 'a', NULL),
('027977', '65-040626-1601-1', 65, 'd', NULL),
('027977', '65-040626-1607-1', 65, 'a', NULL),
('027977', '64-040626-1603-9', 66, 'b', NULL),
('027977', '64-040626-3634-0', 66, 'b', NULL),
('027977', '65-040626-1601-1', 66, 'a', NULL),
('027977', '65-040626-1607-1', 66, 'c', NULL),
('027977', '64-040626-1603-9', 67, 'b', NULL),
('027977', '64-040626-3634-0', 67, 'e', NULL),
('027977', '65-040626-1601-1', 67, 'c', NULL),
('027977', '65-040626-1607-1', 67, 'd', NULL),
('027977', '64-040626-1603-9', 68, 'c', NULL),
('027977', '64-040626-3634-0', 68, 'd', NULL),
('027977', '65-040626-1601-1', 68, 'e', NULL),
('027977', '65-040626-1607-1', 68, 'd', NULL),
('027977', '64-040626-1603-9', 69, 'a', NULL),
('027977', '64-040626-3634-0', 69, 'b', NULL),
('027977', '65-040626-1601-1', 69, 'd', NULL),
('027977', '65-040626-1607-1', 69, 'b', NULL),
('027977', '64-040626-1603-9', 70, 'd', NULL),
('027977', '64-040626-3634-0', 70, 'd', NULL),
('027977', '65-040626-1601-1', 70, 'b', NULL),
('027977', '65-040626-1607-1', 70, 'd', NULL),
('027977', '64-040626-1603-9', 71, 'e', NULL),
('027977', '64-040626-3634-0', 71, 'b', NULL),
('027977', '65-040626-1601-1', 71, 'a', NULL),
('027977', '65-040626-1607-1', 71, 'e', NULL),
('027977', '64-040626-1603-9', 72, 'c', NULL),
('027977', '64-040626-3634-0', 72, 'e', NULL),
('027977', '65-040626-1601-1', 72, 'c', NULL),
('027977', '65-040626-1607-1', 72, 'a', NULL),
('027977', '64-040626-1603-9', 73, 'a', NULL),
('027977', '64-040626-3634-0', 73, 'a', NULL),
('027977', '65-040626-1601-1', 73, 'd', NULL),
('027977', '65-040626-1607-1', 73, 'b', NULL),
('027977', '64-040626-1603-9', 74, 'b', NULL),
('027977', '64-040626-3634-0', 74, 'b', NULL),
('027977', '65-040626-1601-1', 74, 'e', NULL),
('027977', '65-040626-1607-1', 74, 'd', NULL),
('027977', '64-040626-1603-9', 75, 'd', NULL),
('027977', '64-040626-3634-0', 75, 'd', NULL),
('027977', '65-040626-1601-1', 75, 'c', NULL),
('027977', '65-040626-1607-1', 75, 'c', NULL),
('027977', '64-040626-1603-9', 76, 'c', NULL),
('027977', '64-040626-3634-0', 76, 'a', NULL),
('027977', '65-040626-1601-1', 76, 'b', NULL),
('027977', '65-040626-1607-1', 76, 'b', NULL),
('027977', '64-040626-1603-9', 77, 'a', NULL),
('027977', '64-040626-3634-0', 77, 'c', NULL),
('027977', '65-040626-1601-1', 77, 'c', NULL),
('027977', '65-040626-1607-1', 77, 'c', NULL),
('027977', '64-040626-1603-9', 78, 'c', NULL),
('027977', '64-040626-3634-0', 78, 'd', NULL),
('027977', '65-040626-1601-1', 78, 'd', NULL),
('027977', '65-040626-1607-1', 78, 'd', NULL),
('027977', '64-040626-1603-9', 79, 'b', NULL),
('027977', '64-040626-3634-0', 79, 'b', NULL),
('027977', '65-040626-1601-1', 79, 'c', NULL),
('027977', '65-040626-1607-1', 79, 'a', NULL),
('027977', '64-040626-1603-9', 80, 'e', NULL),
('027977', '64-040626-3634-0', 80, 'a', NULL),
('027977', '65-040626-1601-1', 80, 'b', NULL),
('027977', '65-040626-1607-1', 80, 'b', NULL),
('027977', '64-040626-1603-9', 81, 'c', NULL),
('027977', '64-040626-3634-0', 81, 'd', NULL),
('027977', '65-040626-1601-1', 81, 'b', NULL),
('027977', '65-040626-1607-1', 81, 'c', NULL),
('027977', '64-040626-1603-9', 82, 'b', NULL),
('027977', '64-040626-3634-0', 82, 'e', NULL),
('027977', '65-040626-1601-1', 82, 'd', NULL),
('027977', '65-040626-1607-1', 82, 'e', NULL),
('027977', '64-040626-1603-9', 83, 'd', NULL),
('027977', '64-040626-3634-0', 83, 'b', NULL),
('027977', '65-040626-1601-1', 83, 'e', NULL),
('027977', '65-040626-1607-1', 83, 'b', NULL),
('027977', '64-040626-1603-9', 84, 'e', NULL),
('027977', '64-040626-3634-0', 84, 'c', NULL),
('027977', '65-040626-1601-1', 84, 'd', NULL),
('027977', '65-040626-1607-1', 84, 'c', NULL),
('027977', '64-040626-1603-9', 85, 'c', NULL),
('027977', '64-040626-3634-0', 85, 'a', NULL),
('027977', '65-040626-1601-1', 85, 'b', NULL),
('027977', '65-040626-1607-1', 85, 'd', NULL),
('027977', '64-040626-1603-9', 86, 'b', NULL),
('027977', '64-040626-3634-0', 86, 'd', NULL),
('027977', '65-040626-1601-1', 86, 'c', NULL),
('027977', '65-040626-1607-1', 86, 'a', NULL),
('027977', '64-040626-1603-9', 87, 'd', NULL),
('027977', '64-040626-3634-0', 87, 'd', NULL),
('027977', '65-040626-1601-1', 87, 'a', NULL),
('027977', '65-040626-1607-1', 87, 'b', NULL),
('027977', '64-040626-1603-9', 88, 'c', NULL),
('027977', '64-040626-3634-0', 88, 'c', NULL),
('027977', '65-040626-1601-1', 88, 'c', NULL),
('027977', '65-040626-1607-1', 88, 'd', NULL),
('027977', '64-040626-1603-9', 89, 'b', NULL),
('027977', '64-040626-3634-0', 89, 'b', NULL),
('027977', '65-040626-1601-1', 89, 'd', NULL),
('027977', '65-040626-1607-1', 89, 'e', NULL),
('027977', '64-040626-1603-9', 90, 'b', NULL),
('027977', '64-040626-3634-0', 90, 'a', NULL),
('027977', '65-040626-1601-1', 90, 'e', NULL),
('027977', '65-040626-1607-1', 90, 'c', NULL),
('027977', '64-040626-1603-9', 91, 'c', NULL),
('027977', '64-040626-3634-0', 91, 'b', NULL),
('027977', '65-040626-1601-1', 91, 'd', NULL),
('027977', '65-040626-1607-1', 91, 'b', NULL),
('027977', '64-040626-1603-9', 92, 'a', NULL),
('027977', '64-040626-3634-0', 92, 'd', NULL),
('027977', '65-040626-1601-1', 92, 'c', NULL),
('027977', '65-040626-1607-1', 92, 'a', NULL),
('027977', '64-040626-1603-9', 93, 'd', NULL),
('027977', '64-040626-3634-0', 93, 'e', NULL),
('027977', '65-040626-1601-1', 93, 'b', NULL),
('027977', '65-040626-1607-1', 93, 'c', NULL),
('027977', '64-040626-1603-9', 94, 'e', NULL),
('027977', '64-040626-3634-0', 94, 'c', NULL),
('027977', '65-040626-1601-1', 94, 'c', NULL),
('027977', '65-040626-1607-1', 94, 'd', NULL),
('027977', '64-040626-1603-9', 95, 'd', NULL),
('027977', '64-040626-3634-0', 95, 'b', NULL),
('027977', '65-040626-1601-1', 95, 'd', NULL),
('027977', '65-040626-1607-1', 95, 'e', NULL),
('027977', '64-040626-1603-9', 96, 'b', NULL),
('027977', '64-040626-3634-0', 96, 'a', NULL),
('027977', '65-040626-1601-1', 96, 'e', NULL),
('027977', '65-040626-1607-1', 96, 'b', NULL),
('027977', '64-040626-1603-9', 97, 'a', NULL),
('027977', '64-040626-3634-0', 97, 'c', NULL),
('027977', '65-040626-1601-1', 97, 'b', NULL),
('027977', '65-040626-1607-1', 97, 'a', NULL),
('027977', '64-040626-1603-9', 98, 'a', NULL),
('027977', '64-040626-3634-0', 98, 'c', NULL),
('027977', '65-040626-1601-1', 98, 'b', NULL),
('027977', '65-040626-1607-1', 98, 'c', NULL),
('027977', '64-040626-1603-9', 99, 'c', NULL),
('027977', '64-040626-3634-0', 99, 'b', NULL),
('027977', '65-040626-1601-1', 99, 'b', NULL),
('027977', '65-040626-1607-1', 99, 'b', NULL),
('027977', '64-040626-1603-9', 100, 'e', NULL),
('027977', '64-040626-3634-0', 100, 'a', NULL),
('027977', '65-040626-1601-1', 100, 'c', NULL),
('027977', '65-040626-1607-1', 100, 'd', NULL);

-- --------------------------------------------------------

--
-- Table structure for table `subject`
--

CREATE TABLE `subject` (
  `code_subject` varchar(30) NOT NULL,
  `username` varchar(30) NOT NULL,
  `id_subject` varchar(10) NOT NULL,
  `name_subject` varchar(30) NOT NULL,
  `year` varchar(5) NOT NULL,
  `term` int(2) NOT NULL
) ENGINE=InnoDB DEFAULT CHARSET=utf8mb4 COLLATE=utf8mb4_general_ci;

--
-- Dumping data for table `subject`
--

INSERT INTO `subject` (`code_subject`, `username`, `id_subject`, `name_subject`, `year`, `term`) VALUES
('50a27e', 'abc', '40613701', 'IS', '2566', 2),
('97beb9', 'abc', '40615555', 'Subject Sec1', '2567', 1),
('a15f03', 'plai', '123', 'IS', '2567', 1),
('c7ad43', 'jenny', '40613701', 'IS', '2566', 2);

-- --------------------------------------------------------

--
-- Table structure for table `user`
--

CREATE TABLE `user` (
  `username` varchar(30) NOT NULL,
  `name` varchar(30) DEFAULT NULL,
  `surname` varchar(30) DEFAULT NULL,
  `email` varchar(30) DEFAULT NULL,
  `password` varchar(30) NOT NULL
) ENGINE=InnoDB DEFAULT CHARSET=utf8mb4 COLLATE=utf8mb4_general_ci;

--
-- Dumping data for table `user`
--

INSERT INTO `user` (`username`, `name`, `surname`, `email`, `password`) VALUES
('abc', 'aa', 'bb', 'abc@gmail.com', 'abcd'),
('admin', 'admin', 'admin', 'ad@gmail.com', 'admin'),
('jenny', 'jenny', 'ruby', 'jenny_ruby@gmail.com', 'jenny007'),
('plai', 'Plai', 'IM', 'plai@gmail.com', 'plai');

--
-- Indexes for dumped tables
--

--
-- Indexes for table `admin`
--
ALTER TABLE `admin`
  ADD PRIMARY KEY (`username_ad`);

--
-- Indexes for table `exam`
--
ALTER TABLE `exam`
  ADD PRIMARY KEY (`id_exam`),
  ADD KEY `code_subject` (`code_subject`);

--
-- Indexes for table `exam_answer_key`
--
ALTER TABLE `exam_answer_key`
  ADD PRIMARY KEY (`id_exam`,`no_answer_key`);

--
-- Indexes for table `student`
--
ALTER TABLE `student`
  ADD PRIMARY KEY (`id_student`,`id_exam`),
  ADD KEY `id_exam` (`id_exam`);

--
-- Indexes for table `student_answer`
--
ALTER TABLE `student_answer`
  ADD PRIMARY KEY (`no_student_answer`,`id_exam`,`id_student`),
  ADD KEY `id_exam` (`id_exam`),
  ADD KEY `id_student` (`id_student`);

--
-- Indexes for table `subject`
--
ALTER TABLE `subject`
  ADD PRIMARY KEY (`code_subject`),
  ADD KEY `username` (`username`);

--
-- Indexes for table `user`
--
ALTER TABLE `user`
  ADD PRIMARY KEY (`username`);

--
-- Constraints for dumped tables
--

--
-- Constraints for table `exam`
--
ALTER TABLE `exam`
  ADD CONSTRAINT `exam_ibfk_1` FOREIGN KEY (`code_subject`) REFERENCES `subject` (`code_subject`) ON DELETE CASCADE;

--
-- Constraints for table `exam_answer_key`
--
ALTER TABLE `exam_answer_key`
  ADD CONSTRAINT `exam_answer_key_ibfk_1` FOREIGN KEY (`id_exam`) REFERENCES `exam` (`id_exam`) ON DELETE CASCADE;

--
-- Constraints for table `student`
--
ALTER TABLE `student`
  ADD CONSTRAINT `student_ibfk_1` FOREIGN KEY (`id_exam`) REFERENCES `exam` (`id_exam`) ON DELETE CASCADE;

--
-- Constraints for table `student_answer`
--
ALTER TABLE `student_answer`
  ADD CONSTRAINT `student_answer_ibfk_1` FOREIGN KEY (`id_exam`) REFERENCES `student` (`id_exam`) ON DELETE CASCADE,
  ADD CONSTRAINT `student_answer_ibfk_2` FOREIGN KEY (`id_student`) REFERENCES `student` (`id_student`) ON DELETE CASCADE;

--
-- Constraints for table `subject`
--
ALTER TABLE `subject`
  ADD CONSTRAINT `subject_ibfk_1` FOREIGN KEY (`username`) REFERENCES `user` (`username`) ON DELETE CASCADE;
COMMIT;

/*!40101 SET CHARACTER_SET_CLIENT=@OLD_CHARACTER_SET_CLIENT */;
/*!40101 SET CHARACTER_SET_RESULTS=@OLD_CHARACTER_SET_RESULTS */;
/*!40101 SET COLLATION_CONNECTION=@OLD_COLLATION_CONNECTION */;
